age,year,which_data,value
2,1933,baa,42
3,1933,baa,2946
4,1933,baa,14407
5,1933,baa,56617
6,1933,baa,71540
7,1933,baa,78541
8,1933,baa,58345
9,1933,baa,53175
10,1933,baa,57354
11,1933,baa,39269
12,1933,baa,39292
13,1933,baa,47135
14,1933,baa,32049
15,1933,baa,28528
16,1933,baa,22667
17,1933,baa,25470
18,1933,baa,13117
19,1933,baa,1534
20,1933,baa,2898
2,1934,baa,202
3,1934,baa,1954
4,1934,baa,15167
5,1934,baa,53006
6,1934,baa,145278
7,1934,baa,97933
8,1934,baa,62220
9,1934,baa,40973
10,1934,baa,36926
11,1934,baa,31012
12,1934,baa,17447
13,1934,baa,23889
14,1934,baa,16249
15,1934,baa,17890
16,1934,baa,10127
17,1934,baa,8134
18,1934,baa,8207
19,1934,baa,2168
20,1934,baa,1309
2,1935,baa,402
3,1935,baa,6575
4,1935,baa,15182
5,1935,baa,50826
6,1935,baa,74638
7,1935,baa,166244
8,1935,baa,107834
9,1935,baa,55155
10,1935,baa,39000
11,1935,baa,32704
12,1935,baa,26361
13,1935,baa,30233
14,1935,baa,22359
15,1935,baa,16515
16,1935,baa,8488
17,1935,baa,12352
18,1935,baa,7005
19,1935,baa,3312
20,1935,baa,2243
2,1936,baa,12
3,1936,baa,1760
4,1936,baa,15790
5,1936,baa,41184
6,1936,baa,82344
7,1936,baa,106838
8,1936,baa,144533
9,1936,baa,89282
10,1936,baa,47423
11,1936,baa,26113
12,1936,baa,15475
13,1936,baa,23925
14,1936,baa,20664
15,1936,baa,16631
16,1936,baa,10838
17,1936,baa,3703
18,1936,baa,5894
19,1936,baa,1210
20,1936,baa,1625
2,1937,baa,115
3,1937,baa,4779
4,1937,baa,36296
5,1937,baa,82445
6,1937,baa,77259
7,1937,baa,98458
8,1937,baa,64497
9,1937,baa,62948
10,1937,baa,27863
11,1937,baa,17025
12,1937,baa,9462
13,1937,baa,11059
14,1937,baa,6570
15,1937,baa,5908
16,1937,baa,4699
17,1937,baa,2679
18,1937,baa,1694
19,1937,baa,3212
20,1937,baa,1280
2,1938,baa,111
3,1938,baa,5189
4,1938,baa,42830
5,1938,baa,88298
6,1938,baa,119014
7,1938,baa,91293
8,1938,baa,82025
9,1938,baa,45265
10,1938,baa,51147
11,1938,baa,22368
12,1938,baa,13973
13,1938,baa,12774
14,1938,baa,8471
15,1938,baa,4185
16,1938,baa,2472
17,1938,baa,1243
18,1938,baa,649
19,1938,baa,476
20,1938,baa,1517
2,1939,baa,40
3,1939,baa,2088
4,1939,baa,51860
5,1939,baa,181108
6,1939,baa,185165
7,1939,baa,139121
8,1939,baa,83619
9,1939,baa,61171
10,1939,baa,34929
11,1939,baa,21022
12,1939,baa,21783
13,1939,baa,11750
14,1939,baa,7390
15,1939,baa,4998
16,1939,baa,3556
17,1939,baa,818
18,1939,baa,540
19,1939,baa,549
20,1939,baa,187
2,1940,baa,8
3,1940,baa,1472
4,1940,baa,21794
5,1940,baa,88755
6,1940,baa,200770
7,1940,baa,178465
8,1940,baa,111641
9,1940,baa,51879
10,1940,baa,39337
11,1940,baa,24023
12,1940,baa,18588
13,1940,baa,18204
14,1940,baa,8626
15,1940,baa,3800
16,1940,baa,3306
17,1940,baa,2054
18,1940,baa,607
19,1940,baa,304
20,1940,baa,712
2,1941,baa,955
3,1941,baa,6155
4,1941,baa,33056
5,1941,baa,72474
6,1941,baa,124536
7,1941,baa,142255
8,1941,baa,61942
9,1941,baa,28662
10,1941,baa,12164
11,1941,baa,7520
12,1941,baa,4980
13,1941,baa,3072
14,1941,baa,1241
15,1941,baa,1308
16,1941,baa,1423
17,1941,baa,799
18,1941,baa,194
19,1941,baa,66
20,1941,baa,244
2,1942,baa,5
3,1942,baa,4378
4,1942,baa,39356
5,1942,baa,83938
6,1942,baa,120677
7,1942,baa,96056
8,1942,baa,53117
9,1942,baa,30972
10,1942,baa,14215
11,1942,baa,8358
12,1942,baa,5341
13,1942,baa,6908
14,1942,baa,3989
15,1942,baa,2169
16,1942,baa,2763
17,1942,baa,799
18,1942,baa,777
19,1942,baa,978
20,1942,baa,561
2,1943,baa,33
3,1943,baa,2964
4,1943,baa,42299
5,1943,baa,74600
6,1943,baa,82292
7,1943,baa,85096
8,1943,baa,62948
9,1943,baa,33605
10,1943,baa,21033
11,1943,baa,11799
12,1943,baa,6839
13,1943,baa,6940
14,1943,baa,6757
15,1943,baa,7031
16,1943,baa,4175
17,1943,baa,6631
18,1943,baa,1637
19,1943,baa,1486
20,1943,baa,629
2,1944,baa,0
3,1944,baa,1268
4,1944,baa,19169
5,1944,baa,67339
6,1944,baa,57123
7,1944,baa,46103
8,1944,baa,49232
9,1944,baa,31137
10,1944,baa,21336
11,1944,baa,12170
12,1944,baa,8160
13,1944,baa,5314
14,1944,baa,3119
15,1944,baa,2007
16,1944,baa,2178
17,1944,baa,803
18,1944,baa,301
19,1944,baa,290
20,1944,baa,140
2,1945,baa,52
3,1945,baa,1131
4,1945,baa,8977
5,1945,baa,31784
6,1945,baa,82587
7,1945,baa,76885
8,1945,baa,55672
9,1945,baa,38651
10,1945,baa,28853
11,1945,baa,18210
12,1945,baa,10005
13,1945,baa,5304
14,1945,baa,2869
15,1945,baa,1576
16,1945,baa,1859
17,1945,baa,1226
18,1945,baa,1251
19,1945,baa,343
20,1945,baa,349
2,1946,baa,109
3,1946,baa,1786
4,1946,baa,8884
5,1946,baa,24355
6,1946,baa,40623
7,1946,baa,54356
8,1946,baa,63484
9,1946,baa,29660
10,1946,baa,19612
11,1946,baa,7732
12,1946,baa,4315
13,1946,baa,3862
14,1946,baa,1934
15,1946,baa,858
16,1946,baa,448
17,1946,baa,43
18,1946,baa,74
19,1946,baa,168
20,1946,baa,17
2,1947,baa,4
3,1947,baa,6195
4,1947,baa,20573
5,1947,baa,26086
6,1947,baa,27585
7,1947,baa,29419
8,1947,baa,33166
9,1947,baa,24485
10,1947,baa,13865
11,1947,baa,5366
12,1947,baa,2877
13,1947,baa,1805
14,1947,baa,2056
15,1947,baa,977
16,1947,baa,561
17,1947,baa,498
18,1947,baa,714
19,1947,baa,229
20,1947,baa,349
2,1948,baa,10
3,1948,baa,3208
4,1948,baa,39306
5,1948,baa,39248
6,1948,baa,20098
7,1948,baa,12575
8,1948,baa,9577
9,1948,baa,9446
10,1948,baa,5358
11,1948,baa,2543
12,1948,baa,1814
13,1948,baa,1089
14,1948,baa,630
15,1948,baa,370
16,1948,baa,247
17,1948,baa,213
18,1948,baa,172
19,1948,baa,15
20,1948,baa,105
2,1949,baa,0
3,1949,baa,529
4,1949,baa,12640
5,1949,baa,40774
6,1949,baa,32104
7,1949,baa,18969
8,1949,baa,10034
9,1949,baa,6197
10,1949,baa,4830
11,1949,baa,2194
12,1949,baa,1472
13,1949,baa,851
14,1949,baa,460
15,1949,baa,328
16,1949,baa,236
17,1949,baa,81
18,1949,baa,71
19,1949,baa,21
20,1949,baa,112
2,1950,baa,0
3,1950,baa,530
4,1950,baa,9147
5,1950,baa,42367
6,1950,baa,48767
7,1950,baa,27016
8,1950,baa,12352
9,1950,baa,5733
10,1950,baa,3974
11,1950,baa,3248
12,1950,baa,1286
13,1950,baa,1039
14,1950,baa,436
15,1950,baa,407
16,1950,baa,407
17,1950,baa,92
18,1950,baa,94
19,1950,baa,62
20,1950,baa,133
2,1951,baa,38
3,1951,baa,1354
4,1951,baa,9259
5,1951,baa,33424
6,1951,baa,51327
7,1951,baa,42880
8,1951,baa,17195
9,1951,baa,6097
10,1951,baa,2855
11,1951,baa,1559
12,1951,baa,1802
13,1951,baa,469
14,1951,baa,652
15,1951,baa,418
16,1951,baa,180
17,1951,baa,107
18,1951,baa,225
19,1951,baa,48
20,1951,baa,114
2,1952,baa,0
3,1952,baa,1202
4,1952,baa,5594
5,1952,baa,15433
6,1952,baa,40672
7,1952,baa,49091
8,1952,baa,33885
9,1952,baa,12097
10,1952,baa,4144
11,1952,baa,1944
12,1952,baa,1377
13,1952,baa,915
14,1952,baa,480
15,1952,baa,126
16,1952,baa,323
17,1952,baa,210
18,1952,baa,56
19,1952,baa,49
20,1952,baa,63
2,1953,baa,0
3,1953,baa,902
4,1953,baa,26280
5,1953,baa,22804
6,1953,baa,25483
7,1953,baa,53414
8,1953,baa,45034
9,1953,baa,36882
10,1953,baa,8038
11,1953,baa,2082
12,1953,baa,1122
13,1953,baa,720
14,1953,baa,1279
15,1953,baa,314
16,1953,baa,95
17,1953,baa,125
18,1953,baa,52
19,1953,baa,0
20,1953,baa,0
2,1954,baa,6
3,1954,baa,1603
4,1954,baa,11846
5,1954,baa,56235
6,1954,baa,33299
7,1954,baa,27460
8,1954,baa,38370
9,1954,baa,28410
10,1954,baa,22193
11,1954,baa,4876
12,1954,baa,1924
13,1954,baa,816
14,1954,baa,375
15,1954,baa,308
16,1954,baa,116
17,1954,baa,118
18,1954,baa,96
19,1954,baa,19
20,1954,baa,48
2,1955,baa,1
3,1955,baa,461
4,1955,baa,13086
5,1955,baa,38112
6,1955,baa,69137
7,1955,baa,28507
8,1955,baa,19637
9,1955,baa,26374
10,1955,baa,15429
11,1955,baa,10854
12,1955,baa,2792
13,1955,baa,1225
14,1955,baa,492
15,1955,baa,469
16,1955,baa,348
17,1955,baa,122
18,1955,baa,91
19,1955,baa,61
20,1955,baa,38
2,1956,baa,0
3,1956,baa,312
4,1956,baa,10822
5,1956,baa,40275
6,1956,baa,48508
7,1956,baa,57692
8,1956,baa,18753
9,1956,baa,12390
10,1956,baa,17138
11,1956,baa,11794
12,1956,baa,7649
13,1956,baa,1786
14,1956,baa,1035
15,1956,baa,443
16,1956,baa,225
17,1956,baa,216
18,1956,baa,12
19,1956,baa,43
20,1956,baa,97
2,1957,baa,0
3,1957,baa,424
4,1957,baa,10958
5,1957,baa,45935
6,1957,baa,70638
7,1957,baa,48146
8,1957,baa,34597
9,1957,baa,9126
10,1957,baa,6940
11,1957,baa,7513
12,1957,baa,4999
13,1957,baa,3065
14,1957,baa,826
15,1957,baa,341
16,1957,baa,202
17,1957,baa,156
18,1957,baa,145
19,1957,baa,25
20,1957,baa,31
2,1958,baa,13
3,1958,baa,1001
4,1958,baa,6083
5,1958,baa,33310
6,1958,baa,64761
7,1958,baa,53237
8,1958,baa,37645
9,1958,baa,16290
10,1958,baa,4724
11,1958,baa,3245
12,1958,baa,4051
13,1958,baa,2244
14,1958,baa,1226
15,1958,baa,316
16,1958,baa,297
17,1958,baa,27
18,1958,baa,22
19,1958,baa,71
20,1958,baa,0
2,1959,baa,7
3,1959,baa,1362
4,1959,baa,10695
5,1959,baa,21799
6,1959,baa,66125
7,1959,baa,76361
8,1959,baa,41124
9,1959,baa,22655
10,1959,baa,13184
11,1959,baa,3382
12,1959,baa,2317
13,1959,baa,2397
14,1959,baa,1918
15,1959,baa,976
16,1959,baa,311
17,1959,baa,63
18,1959,baa,160
19,1959,baa,83
20,1959,baa,55
2,1960,baa,2
3,1960,baa,814
4,1960,baa,13053
5,1960,baa,21785
6,1960,baa,36305
7,1960,baa,70836
8,1960,baa,58993
9,1960,baa,22957
10,1960,baa,10993
11,1960,baa,6712
12,1960,baa,3095
13,1960,baa,1830
14,1960,baa,1663
15,1960,baa,945
16,1960,baa,402
17,1960,baa,63
18,1960,baa,168
19,1960,baa,0
20,1960,baa,18
2,1961,baa,17
3,1961,baa,3231
4,1961,baa,27984
5,1961,baa,38595
6,1961,baa,34042
7,1961,baa,31797
8,1961,baa,39827
9,1961,baa,22341
10,1961,baa,8767
11,1961,baa,3881
12,1961,baa,2237
13,1961,baa,642
14,1961,baa,834
15,1961,baa,352
16,1961,baa,315
17,1961,baa,124
18,1961,baa,95
19,1961,baa,17
20,1961,baa,0
2,1962,baa,6
3,1962,baa,1120
4,1962,baa,19309
5,1962,baa,52191
6,1962,baa,41670
7,1962,baa,17040
8,1962,baa,13992
9,1962,baa,12479
10,1962,baa,5325
11,1962,baa,2436
12,1962,baa,1240
13,1962,baa,483
14,1962,baa,297
15,1962,baa,243
16,1962,baa,99
17,1962,baa,38
18,1962,baa,26
19,1962,baa,26
20,1962,baa,0
2,1962,naa,301
3,1962,naa,8666
4,1962,naa,26194
5,1962,naa,64337
6,1962,naa,58163
7,1962,naa,47314
8,1962,naa,27521
9,1962,naa,20142
10,1962,naa,18036
11,1962,naa,10444
12,1962,naa,9468
13,1962,naa,7778
14,1962,naa,5785
15,1962,naa,4669
16,1962,naa,3888
17,1962,naa,3955
18,1962,naa,2161
19,1962,naa,232
20,1962,naa,403
2,1963,naa,1446
3,1963,naa,5746
4,1963,naa,27577
5,1963,naa,60234
6,1963,naa,118112
7,1963,naa,58996
8,1963,naa,29349
9,1963,naa,15520
10,1963,naa,11612
11,1963,naa,8248
12,1963,naa,4204
13,1963,naa,3942
14,1963,naa,2933
15,1963,naa,2928
16,1963,naa,1737
17,1963,naa,1263
18,1963,naa,1352
19,1963,naa,328
20,1963,naa,182
2,1964,naa,2872
3,1964,naa,19338
4,1964,naa,27603
5,1964,naa,57757
6,1964,naa,60681
7,1964,naa,100147
8,1964,naa,50865
9,1964,naa,20892
10,1964,naa,12264
11,1964,naa,8698
12,1964,naa,6352
13,1964,naa,4989
14,1964,naa,4036
15,1964,naa,2703
16,1964,naa,1456
17,1964,naa,1918
18,1964,naa,1154
19,1964,naa,501
20,1964,naa,312
2,1965,naa,85
3,1965,naa,5177
4,1965,naa,28709
5,1965,naa,46800
6,1965,naa,66946
7,1965,naa,64360
8,1965,naa,68176
9,1965,naa,33819
10,1965,naa,14913
11,1965,naa,6945
12,1965,naa,3729
13,1965,naa,3948
14,1965,naa,3730
15,1965,naa,2722
16,1965,naa,1859
17,1965,naa,575
18,1965,naa,971
19,1965,naa,183
20,1965,naa,226
2,1966,naa,819
3,1966,naa,14057
4,1966,naa,65992
5,1966,naa,93687
6,1966,naa,62812
7,1966,naa,59312
8,1966,naa,30423
9,1966,naa,23844
10,1966,naa,8762
11,1966,naa,4528
12,1966,naa,2280
13,1966,naa,1825
14,1966,naa,1186
15,1966,naa,967
16,1966,naa,806
17,1966,naa,416
18,1966,naa,279
19,1966,naa,486
20,1966,naa,178
2,1967,naa,790
3,1967,naa,15262
4,1967,naa,77873
5,1967,naa,100339
6,1967,naa,96759
7,1967,naa,54996
8,1967,naa,38691
9,1967,naa,17146
10,1967,naa,16084
11,1967,naa,5949
12,1967,naa,3367
13,1967,naa,2108
14,1967,naa,1529
15,1967,naa,685
16,1967,naa,424
17,1967,naa,193
18,1967,naa,107
19,1967,naa,72
20,1967,naa,211
2,1968,naa,288
3,1968,naa,6142
4,1968,naa,94291
5,1968,naa,205805
6,1968,naa,150541
7,1968,naa,83808
8,1968,naa,39443
9,1968,naa,23171
10,1968,naa,10984
11,1968,naa,5591
12,1968,naa,5249
13,1968,naa,1939
14,1968,naa,1334
15,1968,naa,818
16,1968,naa,610
17,1968,naa,127
18,1968,naa,89
19,1968,naa,83
20,1968,naa,26
2,1969,naa,59
3,1969,naa,4330
4,1969,naa,39626
5,1969,naa,100858
6,1969,naa,163228
7,1969,naa,107509
8,1969,naa,52661
9,1969,naa,19651
10,1969,naa,12370
11,1969,naa,6389
12,1969,naa,4479
13,1969,naa,3004
14,1969,naa,1557
15,1969,naa,622
16,1969,naa,567
17,1969,naa,319
18,1969,naa,100
19,1969,naa,46
20,1969,naa,99
2,1970,naa,6819
3,1970,naa,18104
4,1970,naa,60102
5,1970,naa,82357
6,1970,naa,101249
7,1970,naa,85696
8,1970,naa,29218
9,1970,naa,10857
10,1970,naa,3825
11,1970,naa,2000
12,1970,naa,1200
13,1970,naa,507
14,1970,naa,224
15,1970,naa,214
16,1970,naa,244
17,1970,naa,124
18,1970,naa,32
19,1970,naa,10
20,1970,naa,34
2,1971,naa,33
3,1971,naa,12876
4,1971,naa,71557
5,1971,naa,95384
6,1971,naa,98111
7,1971,naa,57865
8,1971,naa,25055
9,1971,naa,11732
10,1971,naa,4470
11,1971,naa,2223
12,1971,naa,1287
13,1971,naa,1140
14,1971,naa,720
15,1971,naa,355
16,1971,naa,474
17,1971,naa,124
18,1971,naa,128
19,1971,naa,148
20,1971,naa,78
2,1972,naa,236
3,1972,naa,6737
4,1972,naa,79809
5,1972,naa,116562
6,1972,naa,76196
7,1972,naa,55984
8,1972,naa,29553
9,1972,naa,11750
10,1972,naa,6393
11,1972,naa,2987
12,1972,naa,1660
13,1972,naa,1388
14,1972,naa,725
15,1972,naa,748
16,1972,naa,606
17,1972,naa,452
18,1972,naa,136
19,1972,naa,195
20,1972,naa,36
2,1973,naa,0
3,1973,naa,3963
4,1973,naa,40785
5,1973,naa,94844
6,1973,naa,59503
7,1973,naa,35464
8,1973,naa,27351
9,1973,naa,14153
10,1973,naa,7566
11,1973,naa,3815
12,1973,naa,2153
13,1973,naa,1173
14,1973,naa,450
15,1973,naa,278
16,1973,naa,309
17,1973,naa,85
18,1973,naa,27
19,1973,naa,38
20,1973,naa,8
2,1974,naa,473
3,1974,naa,3231
4,1974,naa,13201
5,1974,naa,34927
6,1974,naa,74403
7,1974,naa,60539
8,1974,naa,35687
9,1974,naa,18854
10,1974,naa,10492
11,1974,naa,5818
12,1974,naa,2934
13,1974,naa,1078
14,1974,naa,652
15,1974,naa,249
16,1974,naa,338
17,1974,naa,162
18,1974,naa,113
19,1974,naa,45
20,1974,naa,20
2,1975,naa,420
3,1975,naa,3968
4,1975,naa,14101
5,1975,naa,25370
6,1975,naa,34426
7,1975,naa,39105
8,1975,naa,36485
9,1975,naa,13421
10,1975,naa,7514
11,1975,naa,2315
12,1975,naa,1179
13,1975,naa,808
14,1975,naa,372
15,1975,naa,165
16,1975,naa,82
17,1975,naa,5
18,1975,naa,8
19,1975,naa,22
20,1975,naa,1
2,1976,naa,15
3,1976,naa,13767
4,1976,naa,33727
5,1976,naa,28049
6,1976,naa,20898
7,1976,naa,16811
8,1976,naa,16022
9,1976,naa,10931
10,1976,naa,4637
11,1976,naa,1462
12,1976,naa,631
13,1976,naa,292
14,1976,naa,251
15,1976,naa,100
16,1976,naa,50
17,1976,naa,40
18,1976,naa,64
19,1976,naa,30
20,1976,naa,20
2,1977,naa,108
3,1977,naa,7128
4,1977,naa,65510
5,1977,naa,40462
6,1977,naa,12107
7,1977,naa,5397
8,1977,naa,3396
9,1977,naa,2730
10,1977,naa,1381
11,1977,naa,532
12,1977,naa,296
13,1977,naa,149
14,1977,naa,75
15,1977,naa,42
16,1977,naa,21
17,1977,naa,20
18,1977,naa,14
19,1977,naa,2
20,1977,naa,6
2,1978,naa,0
3,1978,naa,1323
4,1978,naa,17556
5,1978,naa,39206
6,1978,naa,20319
7,1978,naa,7711
8,1978,naa,3078
9,1978,naa,1530
10,1978,naa,1083
11,1978,naa,437
12,1978,naa,219
13,1978,naa,105
14,1978,naa,62
15,1978,naa,40
16,1978,naa,21
17,1978,naa,7
18,1978,naa,8
19,1978,naa,2
20,1978,naa,7
2,1979,naa,0
3,1979,naa,1152
4,1979,naa,12361
5,1979,naa,37493
6,1979,naa,29202
7,1979,naa,10982
8,1979,naa,3460
9,1979,naa,1300
10,1979,naa,757
11,1979,naa,560
12,1979,naa,183
13,1979,naa,116
14,1979,naa,51
15,1979,naa,43
16,1979,naa,38
17,1979,naa,7
18,1979,naa,7
19,1979,naa,4
20,1979,naa,9
2,1980,naa,92
3,1980,naa,2554
4,1980,naa,12025
5,1980,naa,28814
6,1980,naa,30016
7,1980,naa,18017
8,1980,naa,4830
9,1980,naa,1217
10,1980,naa,520
11,1980,naa,232
12,1980,naa,229
13,1980,naa,56
14,1980,naa,65
15,1980,naa,37
16,1980,naa,13
17,1980,naa,10
18,1980,naa,14
19,1980,naa,4
20,1980,naa,10
2,1981,naa,0
3,1981,naa,2185
4,1981,naa,7172
5,1981,naa,13191
6,1981,naa,24800
7,1981,naa,22014
8,1981,naa,11848
9,1981,naa,3175
10,1981,naa,779
11,1981,naa,309
12,1981,naa,195
13,1981,naa,125
14,1981,naa,48
15,1981,naa,14
16,1981,naa,28
17,1981,naa,20
18,1981,naa,5
19,1981,naa,5
20,1981,naa,5
2,1982,naa,0
3,1982,naa,1702
4,1982,naa,31286
5,1982,naa,19003
6,1982,naa,14397
7,1982,naa,25435
8,1982,naa,16930
9,1982,naa,11936
10,1982,naa,1923
11,1982,naa,338
12,1982,naa,156
13,1982,naa,90
14,1982,naa,153
15,1982,naa,40
16,1982,naa,12
17,1982,naa,13
18,1982,naa,4
19,1982,naa,0
20,1982,naa,0
2,1983,naa,18
3,1983,naa,2585
4,1983,naa,13616
5,1983,naa,42602
6,1983,naa,19028
7,1983,naa,12044
8,1983,naa,14701
9,1983,naa,8934
10,1983,naa,6341
11,1983,naa,1018
12,1983,naa,248
13,1983,naa,90
14,1983,naa,41
15,1983,naa,29
16,1983,naa,11
17,1983,naa,9
18,1983,naa,6
19,1983,naa,2
20,1983,naa,3
2,1984,naa,3
3,1984,naa,782
4,1984,naa,14871
5,1984,naa,31760
6,1984,naa,38624
7,1984,naa,12503
8,1984,naa,7246
9,1984,naa,8910
10,1984,naa,4227
11,1984,naa,2536
12,1984,naa,451
13,1984,naa,146
14,1984,naa,48
15,1984,naa,41
16,1984,naa,30
17,1984,naa,7
18,1984,naa,7
19,1984,naa,4
20,1984,naa,3
2,1985,naa,0
3,1985,naa,650
4,1985,naa,14824
5,1985,naa,36614
6,1985,naa,33922
7,1985,naa,28006
8,1985,naa,7050
9,1985,naa,3836
10,1985,naa,5162
11,1985,naa,2905
12,1985,naa,1681
13,1985,naa,254
14,1985,naa,107
15,1985,naa,39
16,1985,naa,20
17,1985,naa,17
18,1985,naa,1
19,1985,naa,3
20,1985,naa,5
2,1986,naa,1
3,1986,naa,831
4,1986,naa,15219
5,1986,naa,44168
6,1986,naa,45869
7,1986,naa,26025
8,1986,naa,14722
9,1986,naa,3104
10,1986,naa,2000
11,1986,naa,1977
12,1986,naa,1101
13,1986,naa,574
14,1986,naa,116
15,1986,naa,29
16,1986,naa,18
17,1986,naa,11
18,1986,naa,9
19,1986,naa,2
20,1986,naa,2
2,1987,naa,42
3,1987,naa,2329
4,1987,naa,9217
5,1987,naa,32340
6,1987,naa,49061
7,1987,naa,28469
8,1987,naa,19505
9,1987,naa,5818
10,1987,naa,1346
11,1987,naa,676
12,1987,naa,873
13,1987,naa,391
14,1987,naa,200
15,1987,naa,37
16,1987,naa,22
17,1987,naa,3
18,1987,naa,1
19,1987,naa,4
20,1987,naa,0
2,1988,naa,25
3,1988,naa,2779
4,1988,naa,14651
5,1988,naa,20184
6,1988,naa,47917
7,1988,naa,45725
8,1988,naa,18608
9,1988,naa,9026
10,1988,naa,4337
11,1988,naa,774
12,1988,naa,422
13,1988,naa,366
14,1988,naa,223
15,1988,naa,100
16,1988,naa,32
17,1988,naa,5
18,1988,naa,10
19,1988,naa,5
20,1988,naa,5
2,1989,naa,8
3,1989,naa,1696
4,1989,naa,17639
5,1989,naa,21150
6,1989,naa,25212
7,1989,naa,38708
8,1989,naa,28499
9,1989,naa,8696
10,1989,naa,3640
11,1989,naa,1695
12,1989,naa,572
13,1989,naa,244
14,1989,naa,180
15,1989,naa,94
16,1989,naa,43
17,1989,naa,4
18,1989,naa,9
19,1989,naa,0
20,1989,naa,1
2,1990,naa,58
3,1990,naa,7693
4,1990,naa,40557
5,1990,naa,36410
6,1990,naa,22695
7,1990,naa,16390
8,1990,naa,17940
9,1990,naa,9156
10,1990,naa,2865
11,1990,naa,1084
12,1990,naa,478
13,1990,naa,103
14,1990,naa,98
15,1990,naa,36
16,1990,naa,25
17,1990,naa,8
18,1990,naa,7
19,1990,naa,1
20,1990,naa,0
2,1991,naa,35
3,1991,naa,3111
4,1991,naa,31654
5,1991,naa,53805
6,1991,naa,29553
7,1991,naa,9064
8,1991,naa,6164
9,1991,naa,4745
10,1991,naa,1696
11,1991,naa,641
12,1991,naa,250
13,1991,naa,88
14,1991,naa,39
15,1991,naa,21
16,1991,naa,9
17,1991,naa,3
18,1991,naa,2
19,1991,naa,2
20,1991,naa,0
2,1962,waa,0.139534884
3,1962,waa,0.339949227
4,1962,waa,0.550011453
5,1962,waa,0.880006839
6,1962,waa,1.229991575
7,1962,waa,1.659994928
8,1962,waa,2.120017441
9,1962,waa,2.640005958
10,1962,waa,3.179973387
11,1962,waa,3.759957871
12,1962,waa,4.149978876
13,1962,waa,6.060041142
14,1962,waa,5.540017286
15,1962,waa,6.110087813
16,1962,waa,5.829989712
17,1962,waa,6.439949431
18,1962,waa,6.069875058
19,1962,waa,6.612068966
20,1962,waa,7.191066998
2,1963,waa,0.139695712
3,1963,waa,0.340062652
4,1963,waa,0.549987308
5,1963,waa,0.880001328
6,1963,waa,1.230002032
7,1963,waa,1.659993898
8,1963,waa,2.120004089
9,1963,waa,2.640012887
10,1963,waa,3.179986221
11,1963,waa,3.759941804
12,1963,waa,4.150095147
13,1963,waa,6.060121766
14,1963,waa,5.540061371
15,1963,waa,6.109972678
16,1963,waa,5.830166955
17,1963,waa,6.440221694
18,1963,waa,6.070266272
19,1963,waa,6.609756098
20,1963,waa,7.192307692
2,1964,waa,0.139972145
3,1964,waa,0.340004137
4,1964,waa,0.55001268
5,1964,waa,0.87999723
6,1964,waa,1.230006097
7,1964,waa,1.6599998
8,1964,waa,2.120003932
9,1964,waa,2.640005744
10,1964,waa,3.180039139
11,1964,waa,3.759944815
12,1964,waa,4.150031486
13,1964,waa,6.05993185
14,1964,waa,5.539890981
15,1964,waa,6.109877913
16,1964,waa,5.82967033
17,1964,waa,6.44004171
18,1964,waa,6.070190641
19,1964,waa,6.610778443
20,1964,waa,7.189102564
2,1965,waa,0.141176471
3,1965,waa,0.339965231
4,1965,waa,0.550001742
5,1965,waa,0.88
6,1965,waa,1.230006274
7,1965,waa,1.660006215
8,1965,waa,2.11999824
9,1965,waa,2.639995269
10,1965,waa,3.179977201
11,1965,waa,3.759971202
12,1965,waa,4.149906141
13,1965,waa,6.060030395
14,1965,waa,5.539946381
15,1965,waa,6.109845702
16,1965,waa,5.830016138
17,1965,waa,6.44
18,1965,waa,6.070030896
19,1965,waa,6.612021858
20,1965,waa,7.190265487
2,1966,waa,0.14041514
3,1966,waa,0.339972967
4,1966,waa,0.550006061
5,1966,waa,0.880004696
6,1966,waa,1.230003821
7,1966,waa,1.660001349
8,1966,waa,2.120007889
9,1966,waa,2.63999329
10,1966,waa,3.179981739
11,1966,waa,3.759938163
12,1966,waa,4.15
13,1966,waa,6.059726027
14,1966,waa,5.539629005
15,1966,waa,6.109617373
16,1966,waa,5.830024814
17,1966,waa,6.439903846
18,1966,waa,6.071684588
19,1966,waa,6.609053498
20,1966,waa,7.191011236
2,1967,waa,0.140506329
3,1967,waa,0.339994758
4,1967,waa,0.549998074
5,1967,waa,0.879996811
6,1967,waa,1.230004444
7,1967,waa,1.659993454
8,1967,waa,2.120002068
9,1967,waa,2.639974338
10,1967,waa,3.179992539
11,1967,waa,3.759959657
12,1967,waa,4.14998515
13,1967,waa,6.059772296
14,1967,waa,5.540222368
15,1967,waa,6.109489051
16,1967,waa,5.830188679
17,1967,waa,6.440414508
18,1967,waa,6.065420561
19,1967,waa,6.611111111
20,1967,waa,7.18957346
2,1968,waa,0.138888889
3,1968,waa,0.339954412
4,1968,waa,0.54999947
5,1968,waa,0.879998056
6,1968,waa,1.229997144
7,1968,waa,1.659996659
8,1968,waa,2.119995944
9,1968,waa,2.639981011
10,1968,waa,3.179989075
11,1968,waa,3.759971383
12,1968,waa,4.149933321
13,1968,waa,6.059824652
14,1968,waa,5.539730135
15,1968,waa,6.11002445
16,1968,waa,5.829508197
17,1968,waa,6.440944882
18,1968,waa,6.06741573
19,1968,waa,6.614457831
20,1968,waa,7.192307692
2,1969,waa,0.13559322
3,1969,waa,0.339953811
4,1969,waa,0.549992429
5,1969,waa,0.879999603
6,1969,waa,1.229997304
7,1969,waa,1.660000558
8,1969,waa,2.119993923
9,1969,waa,2.64001832
10,1969,waa,3.180032336
11,1969,waa,3.760056347
12,1969,waa,4.15003349
13,1969,waa,6.059920107
14,1969,waa,5.540141297
15,1969,waa,6.109324759
16,1969,waa,5.830687831
17,1969,waa,6.438871473
18,1969,waa,6.07
19,1969,waa,6.608695652
20,1969,waa,7.191919192
2,1970,waa,0.140049861
3,1970,waa,0.339980115
4,1970,waa,0.549998336
5,1970,waa,0.879998057
6,1970,waa,1.229997333
7,1970,waa,1.659995799
8,1970,waa,2.119994524
9,1970,waa,2.639955789
10,1970,waa,3.180130719
11,1970,waa,3.76
12,1970,waa,4.15
13,1970,waa,6.059171598
14,1970,waa,5.540178571
15,1970,waa,6.112149533
16,1970,waa,5.831967213
17,1970,waa,6.443548387
18,1970,waa,6.0625
19,1970,waa,6.6
20,1970,waa,7.176470588
2,1971,waa,0.151515152
3,1971,waa,0.340012426
4,1971,waa,0.549995109
5,1971,waa,0.880000839
6,1971,waa,1.23000479
7,1971,waa,1.660001728
8,1971,waa,2.120015965
9,1971,waa,2.639959086
10,1971,waa,3.180089485
11,1971,waa,3.759784076
12,1971,waa,4.14996115
13,1971,waa,6.059649123
14,1971,waa,5.540277778
15,1971,waa,6.109859155
16,1971,waa,5.829113924
17,1971,waa,6.443548387
18,1971,waa,6.0703125
19,1971,waa,6.608108108
20,1971,waa,7.192307692
2,1972,waa,0.139830508
3,1972,waa,0.439958438
4,1972,waa,0.530002882
5,1972,waa,0.640002745
6,1972,waa,1.0800042
7,1972,waa,1.520005716
8,1972,waa,2.130003722
9,1972,waa,2.86
10,1972,waa,3.290004693
11,1972,waa,3.950117174
12,1972,waa,4.119879518
13,1972,waa,5
14,1972,waa,9.32
15,1972,waa,9.39973262
16,1972,waa,6.889438944
17,1972,waa,14.67035398
18,1972,waa,12.03676471
19,1972,waa,7.620512821
20,1972,waa,17.47222222
2,1973,waa,0.147791474
3,1973,waa,0.319959627
4,1973,waa,0.470001226
5,1973,waa,0.70999747
6,1973,waa,0.960002017
7,1973,waa,1.29999436
8,1973,waa,1.800007312
9,1973,waa,2.200028263
10,1973,waa,2.81998414
11,1973,waa,3.190039318
12,1973,waa,3.790060381
13,1973,waa,4.53026428
14,1973,waa,6.931111111
15,1973,waa,7.21942446
16,1973,waa,7.048543689
17,1973,waa,9.447058824
18,1973,waa,11.14814815
19,1973,waa,7.631578947
20,1973,waa,17.5
2,1974,waa,0.109936575
3,1974,waa,0.350046425
4,1974,waa,0.680024241
5,1974,waa,0.910012311
6,1974,waa,1.109995565
7,1974,waa,1.270007764
8,1974,waa,1.560007846
9,1974,waa,2.050015912
10,1974,waa,2.75
11,1974,waa,3.129941561
12,1974,waa,3.41002045
13,1974,waa,4.920222635
14,1974,waa,4.400306748
15,1974,waa,6.329317269
16,1974,waa,5.5
17,1974,waa,7.567901235
18,1974,waa,11.07079646
19,1974,waa,7.622222222
20,1974,waa,17.45
2,1975,waa,0.25952381
3,1975,waa,0.450100806
4,1975,waa,0.630026239
5,1975,waa,0.959992117
6,1975,waa,1.180009295
7,1975,waa,1.390001279
8,1975,waa,1.740002741
9,1975,waa,2.209969451
10,1975,waa,2.610061219
11,1975,waa,3.339956803
12,1975,waa,3.659881255
13,1975,waa,4.77970297
14,1975,waa,5.198924731
15,1975,waa,5.2
16,1975,waa,5.463414634
17,1975,waa,8.6
18,1975,waa,9.25
19,1975,waa,7.636363636
20,1975,waa,17
2,1976,waa,0.266666667
3,1976,waa,0.449989104
4,1976,waa,0.609986065
5,1976,waa,0.93001533
6,1976,waa,1.319982773
7,1976,waa,1.749985129
8,1976,waa,2.070028711
9,1976,waa,2.239959748
10,1976,waa,2.990079793
11,1976,waa,3.670314637
12,1976,waa,4.559429477
13,1976,waa,6.181506849
14,1976,waa,8.19123506
15,1976,waa,9.77
16,1976,waa,11.22
17,1976,waa,12.45
18,1976,waa,11.15625
19,1976,waa,7.633333333
20,1976,waa,17.45
2,1977,waa,0.092592593
3,1977,waa,0.450056117
4,1977,waa,0.6
5,1977,waa,0.96999654
6,1977,waa,1.660031387
7,1977,waa,2.329998147
8,1977,waa,2.82008245
9,1977,waa,3.46007326
10,1977,waa,3.879797248
11,1977,waa,4.780075188
12,1977,waa,6.128378378
13,1977,waa,7.308724832
14,1977,waa,8.4
15,1977,waa,8.80952381
16,1977,waa,11.76190476
17,1977,waa,10.65
18,1977,waa,12.28571429
19,1977,waa,7.5
20,1977,waa,17.5
2,1978,waa,0.170957638
3,1978,waa,0.399848828
4,1978,waa,0.719981773
5,1978,waa,1.039993878
6,1978,waa,1.579999016
7,1978,waa,2.459992219
8,1978,waa,3.259909032
9,1978,waa,4.050326797
10,1978,waa,4.459833795
11,1978,waa,5.020594966
12,1978,waa,6.721461187
13,1978,waa,8.104761905
14,1978,waa,7.419354839
15,1978,waa,8.2
16,1978,waa,11.23809524
17,1978,waa,11.57142857
18,1978,waa,8.875
19,1978,waa,10.5
20,1978,waa,16
2,1979,waa,0.08749203
3,1979,waa,0.460069444
4,1979,waa,0.739988674
5,1979,waa,1.1299976
6,1979,waa,1.669988357
7,1979,waa,2.460025496
8,1979,waa,3.569942197
9,1979,waa,4.41
10,1979,waa,5.249669749
11,1979,waa,5.8
12,1979,waa,7.027322404
13,1979,waa,8.956896552
14,1979,waa,8.549019608
15,1979,waa,9.465116279
16,1979,waa,10.71052632
17,1979,waa,13.14285714
18,1979,waa,13.42857143
19,1979,waa,15.5
20,1979,waa,14.77777778
2,1980,waa,0.413043478
3,1980,waa,0.530148786
4,1980,waa,0.76997921
5,1980,waa,1.159991671
6,1980,waa,1.709988006
7,1980,waa,2.379974469
8,1980,waa,3.560041408
9,1980,waa,5.009860312
10,1980,waa,5.490384615
11,1980,waa,6.719827586
12,1980,waa,7.868995633
13,1980,waa,8.375
14,1980,waa,10.03076923
15,1980,waa,11.2972973
16,1980,waa,13.84615385
17,1980,waa,10.7
18,1980,waa,16.07142857
19,1980,waa,12
20,1980,waa,11.4
2,1981,waa,0.410493197
3,1981,waa,0.550114416
4,1981,waa,0.779977691
5,1981,waa,1.16996437
6,1981,waa,1.64
7,1981,waa,2.229990006
8,1981,waa,2.859976367
9,1981,waa,3.81007874
10,1981,waa,5.319640565
11,1981,waa,6.291262136
12,1981,waa,7.061538462
13,1981,waa,7.32
14,1981,waa,10
15,1981,waa,9
16,1981,waa,11.53571429
17,1981,waa,10.5
18,1981,waa,11.2
19,1981,waa,9.8
20,1981,waa,12.6
2,1982,waa,0.531536117
3,1982,waa,0.529964747
4,1982,waa,0.839992329
5,1982,waa,1.200021049
6,1982,waa,1.770021532
7,1982,waa,2.100019658
8,1982,waa,2.660011813
9,1982,waa,3.089979893
10,1982,waa,4.179927197
11,1982,waa,6.159763314
12,1982,waa,7.192307692
13,1982,waa,8
14,1982,waa,8.359477124
15,1982,waa,7.85
16,1982,waa,7.916666667
17,1982,waa,9.615384615
18,1982,waa,13
19,1982,waa,10.55
20,1982,waa,10.3
2,1983,waa,0.333333333
3,1983,waa,0.620116054
4,1983,waa,0.870005875
5,1983,waa,1.32000845
6,1983,waa,1.75
7,1983,waa,2.279973431
8,1983,waa,2.610026529
9,1983,waa,3.179986568
10,1983,waa,3.499921148
11,1983,waa,4.78978389
12,1983,waa,7.758064516
13,1983,waa,9.066666667
14,1983,waa,9.146341463
15,1983,waa,10.62068966
16,1983,waa,10.54545455
17,1983,waa,13.11111111
18,1983,waa,16
19,1983,waa,9.5
20,1983,waa,16
2,1984,waa,0.333333333
3,1984,waa,0.589514066
4,1984,waa,0.879967722
5,1984,waa,1.2
6,1984,waa,1.790001036
7,1984,waa,2.280012797
8,1984,waa,2.710046922
9,1984,waa,2.960044893
10,1984,waa,3.650106458
11,1984,waa,4.279968454
12,1984,waa,6.190687361
13,1984,waa,8.390410959
14,1984,waa,10.25
15,1984,waa,11.43902439
16,1984,waa,11.6
17,1984,waa,17.42857143
18,1984,waa,13
19,1984,waa,15.25
20,1984,waa,12.66666667
2,1985,waa,0.294753402
3,1985,waa,0.48
4,1985,waa,0.73003238
5,1985,waa,1.099989075
6,1985,waa,1.429986439
7,1985,waa,2.059987146
8,1985,waa,2.66
9,1985,waa,3.229927007
10,1985,waa,3.320030996
11,1985,waa,4.05989673
12,1985,waa,4.550267698
13,1985,waa,7.031496063
14,1985,waa,9.672897196
15,1985,waa,11.35897436
16,1985,waa,11.25
17,1985,waa,12.70588235
18,1985,waa,12
19,1985,waa,14.33333333
20,1985,waa,19.4
2,1986,waa,0.19565201
3,1986,waa,0.51022864
4,1986,waa,0.720021026
5,1986,waa,1.040006339
6,1986,waa,1.539994332
7,1986,waa,1.849990394
8,1986,waa,2.350020378
9,1986,waa,2.94007732
10,1986,waa,3.47
11,1986,waa,3.800202327
12,1986,waa,4.540417802
13,1986,waa,5.339721254
14,1986,waa,7.120689655
15,1986,waa,11.75862069
16,1986,waa,11.22222222
17,1986,waa,14.18181818
18,1986,waa,16.11111111
19,1986,waa,12.5
20,1986,waa,15.5
2,1987,waa,0.30952381
3,1987,waa,0.429798197
4,1987,waa,0.659976131
5,1987,waa,1.029993816
6,1987,waa,1.320009784
7,1987,waa,1.869998946
8,1987,waa,1.930017944
9,1987,waa,2.799931248
10,1987,waa,3.509658247
11,1987,waa,4.800295858
12,1987,waa,4.640320733
13,1987,waa,5.739130435
14,1987,waa,6.13
15,1987,waa,8.540540541
16,1987,waa,13.5
17,1987,waa,9
18,1987,waa,22
19,1987,waa,17.75
20,1987,waa,17.2
2,1988,waa,0.28
3,1988,waa,0.490104354
4,1988,waa,0.729984301
5,1988,waa,1.080013872
6,1988,waa,1.3799904
7,1988,waa,1.670005467
8,1988,waa,2.210017197
9,1988,waa,2.509971194
10,1988,waa,3.039889324
11,1988,waa,4.369509044
12,1988,waa,5.490521327
13,1988,waa,6.549180328
14,1988,waa,8.600896861
15,1988,waa,9.76
16,1988,waa,9.71875
17,1988,waa,12.6
18,1988,waa,16
19,1988,waa,16.6
20,1988,waa,11
2,1989,waa,0.25
3,1989,waa,0.47995283
4,1989,waa,0.740007937
5,1989,waa,1.030023641
6,1989,waa,1.439988894
7,1989,waa,1.8300093
8,1989,waa,2.070002456
9,1989,waa,2.639949402
10,1989,waa,3.020054945
11,1989,waa,3.959882006
12,1989,waa,5.410839161
13,1989,waa,7.5
14,1989,waa,9.238888889
15,1989,waa,10.05319149
16,1989,waa,9.348837209
17,1989,waa,15.75
18,1989,waa,18.66666667
19,1989,waa,18.30833333
20,1989,waa,18
2,1990,waa,0.293103448
3,1990,waa,0.419992201
4,1990,waa,0.689991863
5,1990,waa,1.060010986
6,1990,waa,1.499977969
7,1990,waa,1.940024405
8,1990,waa,2.220011148
9,1990,waa,2.440039318
10,1990,waa,3.060034904
11,1990,waa,3.580258303
12,1990,waa,4.679916318
13,1990,waa,6.233009709
14,1990,waa,8.510204082
15,1990,waa,9.777777778
16,1990,waa,12.6
17,1990,waa,15.5
18,1990,waa,13.57142857
19,1990,waa,17
20,1990,waa,15.75
2,1991,waa,0.171428571
3,1991,waa,0.360012858
4,1991,waa,0.610001895
5,1991,waa,0.970002788
6,1991,waa,1.410009136
7,1991,waa,1.879964695
8,1991,waa,2.269954575
9,1991,waa,2.629926238
10,1991,waa,3.139740566
11,1991,waa,3.800312012
12,1991,waa,4.96
13,1991,waa,5.488636364
14,1991,waa,7.615384615
15,1991,waa,11.57142857
16,1991,waa,11
17,1991,waa,12.66666667
18,1991,waa,13
19,1991,waa,13
20,1991,waa,16.15
